,0
0,Greenies Regular Dental Dog Treats
1,Greenies Teenie Dental Dog Treats
2,Greenies Large Dental Dog Treats
3,"Authority® Dental & DHA Stick Puppy Treats Parsley Mint - Gluten Free, Grain Free"
4,Greenies Petite Dental Dog Treats
5,"WHIMZEES Brushzees Dental Dog Treat - Natural, Grain Free, 1 Count"
6,Pedigree Dentastix Triple Action Dental Dog Treats - Variety Pack
7,Pedigree Dentastix Large Dog Treats
8,Pedigree Dentastix Large Dog Sticks
9,"Authority® Dental & DHA Rings Puppy Treats Parsley Mint - Gluten Free, Grain Free"
10,"WHIMZEES Veggie Sausage Dog Dental Treat - Natural, 1 Count"
11,Pedigree Dentastix Small/Medium Dog Sticks
12,"WHIMZEES Variety Value Box Dental Dog Treat - Natural, Grain Free"
13,Greenies Teenie Dog Dental Treats - Blueberry
14,Pedigree Dentastix Triple Action Small Dog Treats - Fresh
15,Virbac® C.E.T.® VeggieDent® Tartar Control Dog Chews
16,"Authority Dental & Multivitamin Large Dog Treats Parsley Mint - Gluten Free, Grain Free"
17,Yummy Combs® Ingenious Flossing Dog Dental Treat - 1 Count
18,Pedigree Dentastix Large Dog Sticks
19,Pedigree Dentastix Mini Dog Sticks
20,Ark Naturals® Brushless Toothpaste 4-in-1 Large Dog Dental Chews - 40+ lbs.
21,Ark Naturals® Brushless Toothpaste 4-in-1 Small Dog Dental Chews - 8-20 lbs.
22,"Authority® Dental & Multivitamin Medium Dog Treats Parsley Mint - Gluten Free, Grain Free"
23,"Authority Dental & Multivitamin Small Dog Treats Parsley Mint - Gluten Free, Grain Free"
24,Milk-Bone Brushing Chews Large Dental Dog Treats
25,Milk-Bone Brushing Chew Mini Dental Dog Treats
26,"WHIMZEES Stix Dental Dog Treat - Natural, 1 Count"
27,"WHIMZEES Hedgehog Dental Dog Treat - Natural, 1 Count"
28,Greenies Regular Dog Dental Treats - Blueberry
29,"Authority Dental & Multivitamin Parsley Mint Dog Treat Bites - Gluten Free, Grain Free"
30,Greenies Teenie Dental Dog Treats - Fresh
31,"WHIMZEES Alligator Dental Dog Treat - Natural, 1 Count"
32,Pedigree Dentastix Dual Flavor Mini Dental Dog Treats
33,Yummy Combs® Ingenious Flossing Dog Dental Treats - Chicken
34,"WHIMZEES Brushzees Medium Dental Dog Treat - Natural, Grain Free"
35,Greenies Petite Dental Dog Treats - Blueberry
